Group,CustomerType,ActualRev,AvgRev,NoofCust,Incremental_Revenue,ROI
Test,Redeemers,28335.848,35.7775858585859,792,11882.7709667195,1.50034986953529
Control,Control,13108.449,20.774087163233,631,-1.81898940354586e-12,-2.29670379235588e-16
